{
  "info": {
    "name": "CV Analyzer & Job Recommender - Complete API",
    "description": "Complete API collection with Authentication, Users, Jobs, CV Analysis, Applications, and Admin routes",
    "schema": "https://schema.getpostman.com/json/collection/v2.1.0/collection.json"
  },
  "variable": [
    {
      "key": "base_url",
      "value": "http://localhost:5000/api/v1",
      "type": "string"
    },
    {
      "key": "admin_token",
      "value": "",
      "type": "string"
    },
    {
      "key": "user_token",
      "value": "",
      "type": "string"
    },
    {
      "key": "employer_token",
      "value": "",
      "type": "string"
    },
    {
      "key": "job_id",
      "value": "",
      "type": "string"
    },
    {
      "key": "analysis_id",
      "value": "",
      "type": "string"
    },
    {
      "key": "application_id",
      "value": "",
      "type": "string"
    },
    {
      "key": "user_id",
      "value": "",
      "type": "string"
    }
  ],
  "item": [
    {
      "name": "1. Authentication",
      "item": [
        {
          "name": "Register Admin",
          "event": [
            {
              "listen": "test",
              "script": {
                "exec": [
                  "if (pm.response.code === 201) {",
                  "    const response = pm.response.json();",
                  "    if (response.token) {",
                  "        pm.collectionVariables.set('admin_token', response.token);",
                  "    }",
                  "    if (response.user && response.user._id) {",
                  "        pm.collectionVariables.set('user_id', response.user._id);",
                  "    }",
                  "}"
                ],
                "type": "text/javascript"
              }
            }
          ],
          "request": {
            "method": "POST",
            "header": [
              {
                "key": "Content-Type",
                "value": "application/json"
              }
            ],
            "body": {
              "mode": "raw",
              "raw": "{\n  \"email\": \"admin@example.com\",\n  \"password\": \"AdminPass123!\",\n  \"firstName\": \"Admin\",\n  \"lastName\": \"User\",\n  \"role\": \"admin\"\n}"
            },
            "url": {
              "raw": "{{base_url}}/auth/register",
              "host": ["{{base_url}}"],
              "path": ["auth", "register"]
            }
          }
        },
        {
          "name": "Register Job Seeker",
          "event": [
            {
              "listen": "test",
              "script": {
                "exec": [
                  "if (pm.response.code === 201) {",
                  "    const response = pm.response.json();",
                  "    if (response.token) {",
                  "        pm.collectionVariables.set('user_token', response.token);",
                  "    }",
                  "}"
                ],
                "type": "text/javascript"
              }
            }
          ],
          "request": {
            "method": "POST",
            "header": [
              {
                "key": "Content-Type",
                "value": "application/json"
              }
            ],
            "body": {
              "mode": "raw",
              "raw": "{\n  \"email\": \"jobseeker@example.com\",\n  \"password\": \"SecurePass123!\",\n  \"firstName\": \"John\",\n  \"lastName\": \"Doe\",\n  \"role\": \"job_seeker\"\n}"
            },
            "url": {
              "raw": "{{base_url}}/auth/register",
              "host": ["{{base_url}}"],
              "path": ["auth", "register"]
            }
          }
        },
        {
          "name": "Register Employer",
          "event": [
            {
              "listen": "test",
              "script": {
                "exec": [
                  "if (pm.response.code === 201) {",
                  "    const response = pm.response.json();",
                  "    if (response.token) {",
                  "        pm.collectionVariables.set('employer_token', response.token);",
                  "    }",
                  "}"
                ],
                "type": "text/javascript"
              }
            }
          ],
          "request": {
            "method": "POST",
            "header": [
              {
                "key": "Content-Type",
                "value": "application/json"
              }
            ],
            "body": {
              "mode": "raw",
              "raw": "{\n  \"email\": \"employer@company.com\",\n  \"password\": \"EmployerPass123!\",\n  \"firstName\": \"Jane\",\n  \"lastName\": \"Smith\",\n  \"role\": \"employer\"\n}"
            },
            "url": {
              "raw": "{{base_url}}/auth/register",
              "host": ["{{base_url}}"],
              "path": ["auth", "register"]
            }
          }
        },
        {
          "name": "Login Admin",
          "event": [
            {
              "listen": "test",
              "script": {
                "exec": [
                  "if (pm.response.code === 200) {",
                  "    const response = pm.response.json();",
                  "    if (response.token) {",
                  "        pm.collectionVariables.set('admin_token', response.token);",
                  "    }",
                  "}"
                ],
                "type": "text/javascript"
              }
            }
          ],
          "request": {
            "method": "POST",
            "header": [
              {
                "key": "Content-Type",
                "value": "application/json"
              }
            ],
            "body": {
              "mode": "raw",
              "raw": "{\n  \"email\": \"admin@example.com\",\n  \"password\": \"AdminPass123!\"\n}"
            },
            "url": {
              "raw": "{{base_url}}/auth/login",
              "host": ["{{base_url}}"],
              "path": ["auth", "login"]
            }
          }
        },
        {
          "name": "Login Job Seeker",
          "event": [
            {
              "listen": "test",
              "script": {
                "exec": [
                  "if (pm.response.code === 200) {",
                  "    const response = pm.response.json();",
                  "    if (response.token) {",
                  "        pm.collectionVariables.set('user_token', response.token);",
                  "    }",
                  "}"
                ],
                "type": "text/javascript"
              }
            }
          ],
          "request": {
            "method": "POST",
            "header": [
              {
                "key": "Content-Type",
                "value": "application/json"
              }
            ],
            "body": {
              "mode": "raw",
              "raw": "{\n  \"email\": \"jobseeker@example.com\",\n  \"password\": \"SecurePass123!\"\n}"
            },
            "url": {
              "raw": "{{base_url}}/auth/login",
              "host": ["{{base_url}}"],
              "path": ["auth", "login"]
            }
          }
        },
        {
          "name": "Login Employer",
          "event": [
            {
              "listen": "test",
              "script": {
                "exec": [
                  "if (pm.response.code === 200) {",
                  "    const response = pm.response.json();",
                  "    if (response.token) {",
                  "        pm.collectionVariables.set('employer_token', response.token);",
                  "    }",
                  "}"
                ],
                "type": "text/javascript"
              }
            }
          ],
          "request": {
            "method": "POST",
            "header": [
              {
                "key": "Content-Type",
                "value": "application/json"
              }
            ],
            "body": {
              "mode": "raw",
              "raw": "{\n  \"email\": \"employer@company.com\",\n  \"password\": \"EmployerPass123!\"\n}"
            },
            "url": {
              "raw": "{{base_url}}/auth/login",
              "host": ["{{base_url}}"],
              "path": ["auth", "login"]
            }
          }
        }
      ]
    },
    {
      "name": "2. Users",
      "item": [
        {
          "name": "Get My Profile",
          "request": {
            "method": "GET",
            "header": [
              {
                "key": "Authorization",
                "value": "Bearer {{user_token}}"
              }
            ],
            "url": {
              "raw": "{{base_url}}/users/me",
              "host": ["{{base_url}}"],
              "path": ["users", "me"]
            }
          }
        },
        {
          "name": "Update My Profile",
          "request": {
            "method": "PUT",
            "header": [
              {
                "key": "Authorization",
                "value": "Bearer {{user_token}}"
              },
              {
                "key": "Content-Type",
                "value": "application/json"
              }
            ],
            "body": {
              "mode": "raw",
              "raw": "{\n  \"firstName\": \"John Updated\",\n  \"lastName\": \"Doe\",\n  \"headline\": \"Full Stack Developer\",\n  \"location\": \"San Francisco, CA\",\n  \"skills\": [\"JavaScript\", \"React\", \"Node.js\", \"MongoDB\"]\n}"
            },
            "url": {
              "raw": "{{base_url}}/users/me",
              "host": ["{{base_url}}"],
              "path": ["users", "me"]
            }
          }
        },
        {
          "name": "Change Password",
          "request": {
            "method": "PUT",
            "header": [
              {
                "key": "Authorization",
                "value": "Bearer {{user_token}}"
              },
              {
                "key": "Content-Type",
                "value": "application/json"
              }
            ],
            "body": {
              "mode": "raw",
              "raw": "{\n  \"currentPassword\": \"SecurePass123!\",\n  \"newPassword\": \"NewSecurePass123!\"\n}"
            },
            "url": {
              "raw": "{{base_url}}/users/me/change-password",
              "host": ["{{base_url}}"],
              "path": ["users", "me", "change-password"]
            }
          }
        },
        {
          "name": "List All Users (Admin)",
          "request": {
            "method": "GET",
            "header": [
              {
                "key": "Authorization",
                "value": "Bearer {{admin_token}}"
              }
            ],
            "url": {
              "raw": "{{base_url}}/users?page=1&limit=20",
              "host": ["{{base_url}}"],
              "path": ["users"],
              "query": [
                {
                  "key": "page",
                  "value": "1"
                },
                {
                  "key": "limit",
                  "value": "20"
                }
              ]
            }
          }
        },
        {
          "name": "Get User by ID (Admin)",
          "request": {
            "method": "GET",
            "header": [
              {
                "key": "Authorization",
                "value": "Bearer {{admin_token}}"
              }
            ],
            "url": {
              "raw": "{{base_url}}/users/{{user_id}}",
              "host": ["{{base_url}}"],
              "path": ["users", "{{user_id}}"]
            }
          }
        },
        {
          "name": "Update User Profile (Admin)",
          "request": {
            "method": "PUT",
            "header": [
              {
                "key": "Authorization",
                "value": "Bearer {{admin_token}}"
              },
              {
                "key": "Content-Type",
                "value": "application/json"
              }
            ],
            "body": {
              "mode": "raw",
              "raw": "{\n  \"firstName\": \"Admin Updated\",\n  \"role\": \"employer\",\n  \"status\": \"verified\"\n}"
            },
            "url": {
              "raw": "{{base_url}}/users/{{user_id}}/profile",
              "host": ["{{base_url}}"],
              "path": ["users", "{{user_id}}", "profile"]
            }
          }
        }
      ]
    },
    {
      "name": "3. Jobs",
      "item": [
        {
          "name": "Create Internal Job",
          "event": [
            {
              "listen": "test",
              "script": {
                "exec": [
                  "if (pm.response.code === 201) {",
                  "    const response = pm.response.json();",
                  "    if (response.data && response.data._id) {",
                  "        pm.collectionVariables.set('job_id', response.data._id);",
                  "    }",
                  "}"
                ],
                "type": "text/javascript"
              }
            }
          ],
          "request": {
            "method": "POST",
            "header": [
              {
                "key": "Authorization",
                "value": "Bearer {{admin_token}}"
              },
              {
                "key": "Content-Type",
                "value": "application/json"
              }
            ],
            "body": {
              "mode": "raw",
              "raw": "{\n  \"title\": \"Senior Full Stack Developer\",\n  \"companyName\": \"TechCorp Inc.\",\n  \"description\": \"We are looking for an experienced Full Stack Developer to join our team. You will work on cutting-edge web applications using modern technologies.\",\n  \"requirements\": \"5+ years of experience with React, Node.js, and MongoDB. Strong problem-solving skills.\",\n  \"category\": \"Software Development\",\n  \"location\": \"San Francisco, CA\",\n  \"jobType\": \"full-time\",\n  \"salaryMin\": 120000,\n  \"salaryMax\": 180000,\n  \"experienceLevel\": \"senior\",\n  \"deadline\": \"2025-03-01\",\n  \"requiredSkills\": [\"React\", \"Node.js\", \"MongoDB\", \"JavaScript\", \"TypeScript\"],\n  \"jobSource\": \"manual\",\n  \"applicationMethod\": \"internal\"\n}"
            },
            "url": {
              "raw": "{{base_url}}/jobs",
              "host": ["{{base_url}}"],
              "path": ["jobs"]
            }
          }
        },
        {
          "name": "Create External Job",
          "request": {
            "method": "POST",
            "header": [
              {
                "key": "Authorization",
                "value": "Bearer {{admin_token}}"
              },
              {
                "key": "Content-Type",
                "value": "application/json"
              }
            ],
            "body": {
              "mode": "raw",
              "raw": "{\n  \"title\": \"Product Manager - Remote\",\n  \"companyName\": \"LinkedIn\",\n  \"description\": \"Join our product team to shape the future of professional networking.\",\n  \"requirements\": \"3+ years product management experience\",\n  \"category\": \"Product Management\",\n  \"location\": \"Remote\",\n  \"jobType\": \"full-time\",\n  \"salaryMin\": 100000,\n  \"salaryMax\": 150000,\n  \"experienceLevel\": \"mid\",\n  \"deadline\": \"2025-02-15\",\n  \"requiredSkills\": [\"Product Management\", \"Agile\", \"Stakeholder Management\"],\n  \"jobSource\": \"linkedin\",\n  \"externalUrl\": \"https://www.linkedin.com/jobs/view/123456789\",\n  \"externalId\": \"linkedin-123456789\",\n  \"applicationMethod\": \"external_redirect\"\n}"
            },
            "url": {
              "raw": "{{base_url}}/jobs",
              "host": ["{{base_url}}"],
              "path": ["jobs"]
            }
          }
        },
        {
          "name": "List All Jobs",
          "request": {
            "method": "GET",
            "header": [],
            "url": {
              "raw": "{{base_url}}/jobs?page=1&limit=20",
              "host": ["{{base_url}}"],
              "path": ["jobs"],
              "query": [
                {
                  "key": "page",
                  "value": "1"
                },
                {
                  "key": "limit",
                  "value": "20"
                }
              ]
            }
          }
        },
        {
          "name": "Search Jobs",
          "request": {
            "method": "GET",
            "header": [],
            "url": {
              "raw": "{{base_url}}/jobs?q=developer&location=San Francisco&type=full-time&category=Software Development&experienceLevel=senior",
              "host": ["{{base_url}}"],
              "path": ["jobs"],
              "query": [
                {
                  "key": "q",
                  "value": "developer"
                },
                {
                  "key": "location",
                  "value": "San Francisco"
                },
                {
                  "key": "type",
                  "value": "full-time"
                },
                {
                  "key": "category",
                  "value": "Software Development"
                },
                {
                  "key": "experienceLevel",
                  "value": "senior"
                }
              ]
            }
          }
        },
        {
          "name": "Get Job by ID",
          "request": {
            "method": "GET",
            "header": [],
            "url": {
              "raw": "{{base_url}}/jobs/{{job_id}}",
              "host": ["{{base_url}}"],
              "path": ["jobs", "{{job_id}}"]
            }
          }
        },
        {
          "name": "Get Job Recommendations",
          "request": {
            "method": "GET",
            "header": [
              {
                "key": "Authorization",
                "value": "Bearer {{user_token}}"
              }
            ],
            "url": {
              "raw": "{{base_url}}/jobs/recommendations",
              "host": ["{{base_url}}"],
              "path": ["jobs", "recommendations"]
            },
            "description": "Get personalized job recommendations based on CV analysis"
          }
        },
        {
          "name": "Update Job",
          "request": {
            "method": "PUT",
            "header": [
              {
                "key": "Authorization",
                "value": "Bearer {{admin_token}}"
              },
              {
                "key": "Content-Type",
                "value": "application/json"
              }
            ],
            "body": {
              "mode": "raw",
              "raw": "{\n  \"title\": \"Senior Full Stack Developer (Updated)\",\n  \"salaryMax\": 200000,\n  \"status\": \"active\"\n}"
            },
            "url": {
              "raw": "{{base_url}}/jobs/{{job_id}}",
              "host": ["{{base_url}}"],
              "path": ["jobs", "{{job_id}}"]
            }
          }
        },
        {
          "name": "Delete Job",
          "request": {
            "method": "DELETE",
            "header": [
              {
                "key": "Authorization",
                "value": "Bearer {{admin_token}}"
              }
            ],
            "url": {
              "raw": "{{base_url}}/jobs/{{job_id}}",
              "host": ["{{base_url}}"],
              "path": ["jobs", "{{job_id}}"]
            }
          }
        }
      ]
    },
    {
      "name": "4. CV Analysis",
      "item": [
        {
          "name": "Upload & Analyze CV",
          "event": [
            {
              "listen": "test",
              "script": {
                "exec": [
                  "if (pm.response.code === 202) {",
                  "    const response = pm.response.json();",
                  "    if (response.analysisId) {",
                  "        pm.collectionVariables.set('analysis_id', response.analysisId);",
                  "    }",
                  "}"
                ],
                "type": "text/javascript"
              }
            }
          ],
          "request": {
            "method": "POST",
            "header": [
              {
                "key": "Authorization",
                "value": "Bearer {{user_token}}"
              }
            ],
            "body": {
              "mode": "formdata",
              "formdata": [
                {
                  "key": "cv",
                  "type": "file",
                  "src": [],
                  "description": "Select a PDF file"
                }
              ]
            },
            "url": {
              "raw": "{{base_url}}/cv/analyze",
              "host": ["{{base_url}}"],
              "path": ["cv", "analyze"]
            },
            "description": "Upload PDF CV for AI analysis. File must be PDF, max 5MB."
          }
        },
        {
          "name": "Get Analysis Status",
          "request": {
            "method": "GET",
            "header": [
              {
                "key": "Authorization",
                "value": "Bearer {{user_token}}"
              }
            ],
            "url": {
              "raw": "{{base_url}}/cv/analyses/{{analysis_id}}",
              "host": ["{{base_url}}"],
              "path": ["cv", "analyses", "{{analysis_id}}"]
            },
            "description": "Check status of CV analysis (queued/processing/done/failed)"
          }
        },
        {
          "name": "Get Latest Analysis",
          "request": {
            "method": "GET",
            "header": [
              {
                "key": "Authorization",
                "value": "Bearer {{user_token}}"
              }
            ],
            "url": {
              "raw": "{{base_url}}/cv/analyses/latest",
              "host": ["{{base_url}}"],
              "path": ["cv", "analyses", "latest"]
            },
            "description": "Get your most recent completed CV analysis"
          }
        },
        {
          "name": "List My Analyses",
          "request": {
            "method": "GET",
            "header": [
              {
                "key": "Authorization",
                "value": "Bearer {{user_token}}"
              }
            ],
            "url": {
              "raw": "{{base_url}}/cv/analyses?page=1&limit=20&status=done",
              "host": ["{{base_url}}"],
              "path": ["cv", "analyses"],
              "query": [
                {
                  "key": "page",
                  "value": "1"
                },
                {
                  "key": "limit",
                  "value": "20"
                },
                {
                  "key": "status",
                  "value": "done",
                  "description": "queued, processing, done, failed"
                }
              ]
            }
          }
        },
        {
          "name": "List All Analyses (Admin)",
          "request": {
            "method": "GET",
            "header": [
              {
                "key": "Authorization",
                "value": "Bearer {{admin_token}}"
              }
            ],
            "url": {
              "raw": "{{base_url}}/cv/admin/analyses?page=1&limit=20&status=done",
              "host": ["{{base_url}}"],
              "path": ["cv", "admin", "analyses"],
              "query": [
                {
                  "key": "page",
                  "value": "1"
                },
                {
                  "key": "limit",
                  "value": "20"
                },
                {
                  "key": "status",
                  "value": "done"
                },
                {
                  "key": "userId",
                  "value": "",
                  "disabled": true
                }
              ]
            }
          }
        },
        {
          "name": "Update Analysis (Admin)",
          "request": {
            "method": "PUT",
            "header": [
              {
                "key": "Authorization",
                "value": "Bearer {{admin_token}}"
              },
              {
                "key": "Content-Type",
                "value": "application/json"
              }
            ],
            "body": {
              "mode": "raw",
              "raw": "{\n  \"status\": \"done\",\n  \"overallScore\": 90,\n  \"strengths\": [\"Excellent technical skills\", \"Strong communication\"],\n  \"weaknesses\": [\"Could add more certifications\"],\n  \"recommendations\": [\"Consider adding AWS certification\"],\n  \"skillsDetected\": [\"JavaScript\", \"React\", \"Node.js\", \"MongoDB\", \"Docker\"]\n}"
            },
            "url": {
              "raw": "{{base_url}}/cv/admin/analyses/{{analysis_id}}",
              "host": ["{{base_url}}"],
              "path": ["cv", "admin", "analyses", "{{analysis_id}}"]
            }
          }
        },
        {
          "name": "Delete Analysis (Admin)",
          "request": {
            "method": "DELETE",
            "header": [
              {
                "key": "Authorization",
                "value": "Bearer {{admin_token}}"
              }
            ],
            "url": {
              "raw": "{{base_url}}/cv/admin/analyses/{{analysis_id}}",
              "host": ["{{base_url}}"],
              "path": ["cv", "admin", "analyses", "{{analysis_id}}"]
            },
            "description": "Also deletes related job matches"
          }
        }
      ]
    },
    {
      "name": "5. Applications",
      "item": [
        {
          "name": "Apply to Internal Job",
          "event": [
            {
              "listen": "test",
              "script": {
                "exec": [
                  "if (pm.response.code === 201) {",
                  "    const response = pm.response.json();",
                  "    if (response.application && response.application._id) {",
                  "        pm.collectionVariables.set('application_id', response.application._id);",
                  "    }",
                  "}"
                ],
                "type": "text/javascript"
              }
            }
          ],
          "request": {
            "method": "POST",
            "header": [
              {
                "key": "Authorization",
                "value": "Bearer {{user_token}}"
              },
              {
                "key": "Content-Type",
                "value": "application/json"
              }
            ],
            "body": {
              "mode": "raw",
              "raw": "{\n  \"jobId\": \"{{job_id}}\",\n  \"coverLetter\": \"I am very interested in this position. My experience in React and Node.js makes me a great fit for this role. I have successfully delivered multiple full-stack applications and am excited about the opportunity to contribute to your team.\",\n  \"resumeUrl\": \"https://res.cloudinary.com/your-cloud/raw/upload/resume.pdf\"\n}"
            },
            "url": {
              "raw": "{{base_url}}/applications",
              "host": ["{{base_url}}"],
              "path": ["applications"]
            }
          }
        },
        {
          "name": "Apply to External Job",
          "request": {
            "method": "POST",
            "header": [
              {
                "key": "Authorization",
                "value": "Bearer {{user_token}}"
              },
              {
                "key": "Content-Type",
                "value": "application/json"
              }
            ],
            "body": {
              "mode": "raw",
              "raw": "{\n  \"jobId\": \"{{job_id}}\"\n}"
            },
            "url": {
              "raw": "{{base_url}}/applications",
              "host": ["{{base_url}}"],
              "path": ["applications"]
            },
            "description": "Returns redirect URL for external application"
          }
        },
        {
          "name": "List My Applications",
          "request": {
            "method": "GET",
            "header": [
              {
                "key": "Authorization",
                "value": "Bearer {{user_token}}"
              }
            ],
            "url": {
              "raw": "{{base_url}}/applications/my-applications?page=1&limit=20&status=pending",
              "host": ["{{base_url}}"],
              "path": ["applications", "my-applications"],
              "query": [
                {
                  "key": "page",
                  "value": "1"
                },
                {
                  "key": "limit",
                  "value": "20"
                },
                {
                  "key": "status",
                  "value": "pending",
                  "description": "pending, under_review, accepted, rejected, interview_scheduled"
                },
                {
                  "key": "applicationType",
                  "value": "internal",
                  "description": "internal, external_redirect",
                  "disabled": true
                }
              ]
            }
          }
        },
        {
          "name": "Get Application by ID",
          "request": {
            "method": "GET",
            "header": [
              {
                "key": "Authorization",
                "value": "Bearer {{user_token}}"
              }
            ],
            "url": {
              "raw": "{{base_url}}/applications/{{application_id}}",
              "host": ["{{base_url}}"],
              "path": ["applications", "{{application_id}}"]
            }
          }
        },
        {
          "name": "Withdraw Application (Pending Only)",
          "request": {
            "method": "DELETE",
            "header": [
              {
                "key": "Authorization",
                "value": "Bearer {{user_token}}"
              }
            ],
            "url": {
              "raw": "{{base_url}}/applications/{{application_id}}",
              "host": ["{{base_url}}"],
              "path": ["applications", "{{application_id}}"]
            },
            "description": "Only works if status is 'pending'"
          }
        },
        {
          "name": "List Job Applications (Employer)",
          "request": {
            "method": "GET",
            "header": [
              {
                "key": "Authorization",
                "value": "Bearer {{employer_token}}"
              }
            ],
            "url": {
              "raw": "{{base_url}}/applications/job/{{job_id}}/applications?page=1&limit=20&status=pending",
              "host": ["{{base_url}}"],
              "path": ["applications", "job", "{{job_id}}", "applications"],
              "query": [
                {
                  "key": "page",
                  "value": "1"
                },
                {
                  "key": "limit",
                  "value": "20"
                },
                {
                  "key": "status",
                  "value": "pending"
                }
              ]
            },
            "description": "View all applications for your job posting"
          }
        },
        {
          "name": "Update Application Status (Employer)",
          "request": {
            "method": "PUT",
            "header": [
              {
                "key": "Authorization",
                "value": "Bearer {{employer_token}}"
              },
              {
                "key": "Content-Type",
                "value": "application/json"
              }
            ],
            "body": {
              "mode": "raw",
              "raw": "{\n  \"status\": \"under_review\",\n  \"notes\": \"Candidate looks promising. Scheduling interview for next week.\"\n}"
            },
            "url": {
              "raw": "{{base_url}}/applications/{{application_id}}/status",
              "host": ["{{base_url}}"],
              "path": ["applications", "{{application_id}}", "status"]
            },
            "description": "Valid statuses: pending, under_review, accepted, rejected, interview_scheduled"
          }
        },
        {
          "name": "List All Applications (Admin)",
          "request": {
            "method": "GET",
            "header": [
              {
                "key": "Authorization",
                "value": "Bearer {{admin_token}}"
              }
            ],
            "url": {
              "raw": "{{base_url}}/applications/admin/all?page=1&limit=20&status=pending",
              "host": ["{{base_url}}"],
              "path": ["applications", "admin", "all"],
              "query": [
                {
                  "key": "page",
                  "value": "1"
                },
                {
                  "key": "limit",
                  "value": "20"
                },
                {
                  "key": "status",
                  "value": "pending"
                },
                {
                  "key": "applicationType",
                  "value": "internal",
                  "disabled": true
                },
                {
                  "key": "userId",
                  "value": "",
                  "disabled": true
                },
                {
                  "key": "jobId",
                  "value": "",
                  "disabled": true
                }
              ]
            }
          }
        },
        {
          "name": "Delete Application (Admin)",
          "request": {
            "method": "DELETE",
            "header": [
              {
                "key": "Authorization",
                "value": "Bearer {{admin_token}}"
              }
            ],
            "url": {
              "raw": "{{base_url}}/applications/admin/{{application_id}}",
              "host": ["{{base_url}}"],
              "path": ["applications", "admin", "{{application_id}}"]
            }
          }
        }
      ]
    },
    {
      "name": "6. Health Check",
      "item": [
        {
          "name": "Server Health",
          "request": {
            "method": "GET",
            "header": [],
            "url": {
              "raw": "http://localhost:5000/health",
              "protocol": "http",
              "host": ["localhost"],
              "port": "5000",
              "path": ["health"]
            }
          }
        }
      ]
    }
  ]
}
